"filename", "language", "Svelte", "TypeScript", "HTML", "PostCSS", "JSON with Comments", "JSON", "JavaScript", "Markdown", "Ignore", "Docker", "comment", "blank", "total"
"/Users/connerreplogle/dev/memory-io/packages/memory_web/.dockerignore", "Ignore", 0, 0, 0, 0, 0, 0, 0, 0, 16, 0, 0, 1, 17
"/Users/connerreplogle/dev/memory-io/packages/memory_web/.eslintrc.cjs", "JavaScript", 0, 0, 0, 0, 0, 0, 30, 0, 0, 0, 1, 1, 32
"/Users/connerreplogle/dev/memory-io/packages/memory_web/.prettierignore", "Ignore", 0, 0, 0, 0, 0, 0, 0, 0, 3, 0, 1, 1, 5
"/Users/connerreplogle/dev/memory-io/packages/memory_web/.prettierrc", "JSON", 0, 0, 0, 0, 0, 15, 0, 0, 0, 0, 0, 1, 16
"/Users/connerreplogle/dev/memory-io/packages/memory_web/Dockerfile", "Docker", 0, 0, 0, 0, 0, 0, 0, 0, 0, 16, 0, 1, 17
"/Users/connerreplogle/dev/memory-io/packages/memory_web/README.md", "Markdown", 0, 0, 0, 0, 0, 0, 0, 24, 0, 0, 0, 15, 39
"/Users/connerreplogle/dev/memory-io/packages/memory_web/components.json", "JSON", 0, 0, 0, 0, 0, 14, 0, 0, 0, 0, 0, 0, 14
"/Users/connerreplogle/dev/memory-io/packages/memory_web/my-server.js", "JavaScript", 0, 0, 0, 0, 0, 0, 16, 0, 0, 0, 0, 3, 19
"/Users/connerreplogle/dev/memory-io/packages/memory_web/package-lock.json", "JSON", 0, 0, 0, 0, 0, 6616, 0, 0, 0, 0, 0, 1, 6617
"/Users/connerreplogle/dev/memory-io/packages/memory_web/package.json", "JSON", 0, 0, 0, 0, 0, 68, 0, 0, 0, 0, 0, 1, 69
"/Users/connerreplogle/dev/memory-io/packages/memory_web/postcss.config.cjs", "JavaScript", 0, 0, 0, 0, 0, 0, 9, 0, 0, 0, 2, 4, 15
"/Users/connerreplogle/dev/memory-io/packages/memory_web/src/app.d.ts", "TypeScript", 0, 12, 0, 0, 0, 0, 0, 0, 0, 0, 3, 4, 19
"/Users/connerreplogle/dev/memory-io/packages/memory_web/src/app.html", "HTML", 0, 0, 13, 0, 0, 0, 0, 0, 0, 0, 0, 3, 16
"/Users/connerreplogle/dev/memory-io/packages/memory_web/src/app.pcss", "PostCSS", 0, 0, 0, 65, 0, 0, 0, 0, 0, 0, 0, 22, 87
"/Users/connerreplogle/dev/memory-io/packages/memory_web/src/hooks.server.ts", "TypeScript", 0, 18, 0, 0, 0, 0, 0, 0, 0, 0, 0, 4, 22
"/Users/connerreplogle/dev/memory-io/packages/memory_web/src/lib/api/api.ts", "TypeScript", 0, 1, 0, 0, 0, 0, 0, 0, 0, 0, 0, 0, 1
"/Users/connerreplogle/dev/memory-io/packages/memory_web/src/lib/api/sets.ts", "TypeScript", 0, 125, 0, 0, 0, 0, 0, 0, 0, 0, 0, 27, 152
"/Users/connerreplogle/dev/memory-io/packages/memory_web/src/lib/api/user.ts", "TypeScript", 0, 10, 0, 0, 0, 0, 0, 0, 0, 0, 0, 3, 13
"/Users/connerreplogle/dev/memory-io/packages/memory_web/src/lib/components/ui/avatar/avatar-fallback.svelte", "Svelte", 13, 0, 0, 0, 0, 0, 0, 0, 0, 0, 0, 4, 17
"/Users/connerreplogle/dev/memory-io/packages/memory_web/src/lib/components/ui/avatar/avatar-image.svelte", "Svelte", 15, 0, 0, 0, 0, 0, 0, 0, 0, 0, 0, 4, 19
"/Users/connerreplogle/dev/memory-io/packages/memory_web/src/lib/components/ui/avatar/avatar.svelte", "Svelte", 15, 0, 0, 0, 0, 0, 0, 0, 0, 0, 0, 4, 19
"/Users/connerreplogle/dev/memory-io/packages/memory_web/src/lib/components/ui/avatar/index.ts", "TypeScript", 0, 11, 0, 0, 0, 0, 0, 0, 0, 0, 1, 2, 14
"/Users/connerreplogle/dev/memory-io/packages/memory_web/src/lib/components/ui/breadcrumb/breadcrumb-ellipsis.svelte", "Svelte", 21, 0, 0, 0, 0, 0, 0, 0, 0, 0, 0, 4, 25
"/Users/connerreplogle/dev/memory-io/packages/memory_web/src/lib/components/ui/breadcrumb/breadcrumb-item.svelte", "Svelte", 13, 0, 0, 0, 0, 0, 0, 0, 0, 0, 0, 4, 17
"/Users/connerreplogle/dev/memory-io/packages/memory_web/src/lib/components/ui/breadcrumb/breadcrumb-link.svelte", "Svelte", 26, 0, 0, 0, 0, 0, 0, 0, 0, 0, 0, 6, 32
"/Users/connerreplogle/dev/memory-io/packages/memory_web/src/lib/components/ui/breadcrumb/breadcrumb-list.svelte", "Svelte", 20, 0, 0, 0, 0, 0, 0, 0, 0, 0, 0, 4, 24
"/Users/connerreplogle/dev/memory-io/packages/memory_web/src/lib/components/ui/breadcrumb/breadcrumb-page.svelte", "Svelte", 20, 0, 0, 0, 0, 0, 0, 0, 0, 0, 0, 4, 24
"/Users/connerreplogle/dev/memory-io/packages/memory_web/src/lib/components/ui/breadcrumb/breadcrumb-separator.svelte", "Svelte", 22, 0, 0, 0, 0, 0, 0, 0, 0, 0, 0, 4, 26
"/Users/connerreplogle/dev/memory-io/packages/memory_web/src/lib/components/ui/breadcrumb/breadcrumb.svelte", "Svelte", 12, 0, 0, 0, 0, 0, 0, 0, 0, 0, 0, 4, 16
"/Users/connerreplogle/dev/memory-io/packages/memory_web/src/lib/components/ui/breadcrumb/index.ts", "TypeScript", 0, 23, 0, 0, 0, 0, 0, 0, 0, 0, 1, 2, 26
"/Users/connerreplogle/dev/memory-io/packages/memory_web/src/lib/components/ui/button/button.svelte", "Svelte", 22, 0, 0, 0, 0, 0, 0, 0, 0, 0, 0, 4, 26
"/Users/connerreplogle/dev/memory-io/packages/memory_web/src/lib/components/ui/button/index.ts", "TypeScript", 0, 43, 0, 0, 0, 0, 0, 0, 0, 0, 1, 6, 50
"/Users/connerreplogle/dev/memory-io/packages/memory_web/src/lib/components/ui/card/card-content.svelte", "Svelte", 10, 0, 0, 0, 0, 0, 0, 0, 0, 0, 0, 4, 14
"/Users/connerreplogle/dev/memory-io/packages/memory_web/src/lib/components/ui/card/card-description.svelte", "Svelte", 10, 0, 0, 0, 0, 0, 0, 0, 0, 0, 0, 4, 14
"/Users/connerreplogle/dev/memory-io/packages/memory_web/src/lib/components/ui/card/card-footer.svelte", "Svelte", 10, 0, 0, 0, 0, 0, 0, 0, 0, 0, 0, 4, 14
"/Users/connerreplogle/dev/memory-io/packages/memory_web/src/lib/components/ui/card/card-header.svelte", "Svelte", 10, 0, 0, 0, 0, 0, 0, 0, 0, 0, 0, 4, 14
"/Users/connerreplogle/dev/memory-io/packages/memory_web/src/lib/components/ui/card/card-title.svelte", "Svelte", 18, 0, 0, 0, 0, 0, 0, 0, 0, 0, 0, 4, 22
"/Users/connerreplogle/dev/memory-io/packages/memory_web/src/lib/components/ui/card/card.svelte", "Svelte", 13, 0, 0, 0, 0, 0, 0, 0, 0, 0, 0, 4, 17
"/Users/connerreplogle/dev/memory-io/packages/memory_web/src/lib/components/ui/card/index.ts", "TypeScript", 0, 21, 0, 0, 0, 0, 0, 0, 0, 0, 1, 3, 25
"/Users/connerreplogle/dev/memory-io/packages/memory_web/src/lib/components/ui/dialog/dialog-content.svelte", "Svelte", 33, 0, 0, 0, 0, 0, 0, 0, 0, 0, 0, 4, 37
"/Users/connerreplogle/dev/memory-io/packages/memory_web/src/lib/components/ui/dialog/dialog-description.svelte", "Svelte", 13, 0, 0, 0, 0, 0, 0, 0, 0, 0, 0, 4, 17
"/Users/connerreplogle/dev/memory-io/packages/memory_web/src/lib/components/ui/dialog/dialog-footer.svelte", "Svelte", 13, 0, 0, 0, 0, 0, 0, 0, 0, 0, 0, 4, 17
"/Users/connerreplogle/dev/memory-io/packages/memory_web/src/lib/components/ui/dialog/dialog-header.svelte", "Svelte", 10, 0, 0, 0, 0, 0, 0, 0, 0, 0, 0, 4, 14
"/Users/connerreplogle/dev/memory-io/packages/memory_web/src/lib/components/ui/dialog/dialog-overlay.svelte", "Svelte", 18, 0, 0, 0, 0, 0, 0, 0, 0, 0, 0, 4, 22
"/Users/connerreplogle/dev/memory-io/packages/memory_web/src/lib/components/ui/dialog/dialog-portal.svelte", "Svelte", 7, 0, 0, 0, 0, 0, 0, 0, 0, 0, 0, 2, 9
"/Users/connerreplogle/dev/memory-io/packages/memory_web/src/lib/components/ui/dialog/dialog-title.svelte", "Svelte", 13, 0, 0, 0, 0, 0, 0, 0, 0, 0, 0, 4, 17
"/Users/connerreplogle/dev/memory-io/packages/memory_web/src/lib/components/ui/dialog/index.ts", "TypeScript", 0, 30, 0, 0, 0, 0, 0, 0, 0, 0, 1, 4, 35
"/Users/connerreplogle/dev/memory-io/packages/memory_web/src/lib/components/ui/dropdown-menu/dropdown-menu-checkbox-item.svelte", "Svelte", 32, 0, 0, 0, 0, 0, 0, 0, 0, 0, 0, 4, 36
"/Users/connerreplogle/dev/memory-io/packages/memory_web/src/lib/components/ui/dropdown-menu/dropdown-menu-content.svelte", "Svelte", 24, 0, 0, 0, 0, 0, 0, 0, 0, 0, 0, 4, 28
"/Users/connerreplogle/dev/memory-io/packages/memory_web/src/lib/components/ui/dropdown-menu/dropdown-menu-item.svelte", "Svelte", 28, 0, 0, 0, 0, 0, 0, 0, 0, 0, 0, 4, 32
"/Users/connerreplogle/dev/memory-io/packages/memory_web/src/lib/components/ui/dropdown-menu/dropdown-menu-label.svelte", "Svelte", 16, 0, 0, 0, 0, 0, 0, 0, 0, 0, 0, 4, 20
"/Users/connerreplogle/dev/memory-io/packages/memory_web/src/lib/components/ui/dropdown-menu/dropdown-menu-radio-group.svelte", "Svelte", 8, 0, 0, 0, 0, 0, 0, 0, 0, 0, 0, 4, 12
"/Users/connerreplogle/dev/memory-io/packages/memory_web/src/lib/components/ui/dropdown-menu/dropdown-menu-radio-item.svelte", "Svelte", 32, 0, 0, 0, 0, 0, 0, 0, 0, 0, 0, 4, 36
"/Users/connerreplogle/dev/memory-io/packages/memory_web/src/lib/components/ui/dropdown-menu/dropdown-menu-separator.svelte", "Svelte", 11, 0, 0, 0, 0, 0, 0, 0, 0, 0, 0, 4, 15
"/Users/connerreplogle/dev/memory-io/packages/memory_web/src/lib/components/ui/dropdown-menu/dropdown-menu-shortcut.svelte", "Svelte", 10, 0, 0, 0, 0, 0, 0, 0, 0, 0, 0, 4, 14
"/Users/connerreplogle/dev/memory-io/packages/memory_web/src/lib/components/ui/dropdown-menu/dropdown-menu-sub-content.svelte", "Svelte", 27, 0, 0, 0, 0, 0, 0, 0, 0, 0, 0, 4, 31
"/Users/connerreplogle/dev/memory-io/packages/memory_web/src/lib/components/ui/dropdown-menu/dropdown-menu-sub-trigger.svelte", "Svelte", 29, 0, 0, 0, 0, 0, 0, 0, 0, 0, 0, 4, 33
"/Users/connerreplogle/dev/memory-io/packages/memory_web/src/lib/components/ui/dropdown-menu/index.ts", "TypeScript", 0, 45, 0, 0, 0, 0, 0, 0, 0, 0, 1, 3, 49
"/Users/connerreplogle/dev/memory-io/packages/memory_web/src/lib/components/ui/input/index.ts", "TypeScript", 0, 24, 0, 0, 0, 0, 0, 0, 0, 0, 1, 3, 28
"/Users/connerreplogle/dev/memory-io/packages/memory_web/src/lib/components/ui/input/input.svelte", "Svelte", 32, 0, 0, 0, 0, 0, 0, 0, 0, 0, 0, 4, 36
"/Users/connerreplogle/dev/memory-io/packages/memory_web/src/lib/components/ui/label/index.ts", "TypeScript", 0, 5, 0, 0, 0, 0, 0, 0, 0, 0, 1, 2, 8
"/Users/connerreplogle/dev/memory-io/packages/memory_web/src/lib/components/ui/label/label.svelte", "Svelte", 18, 0, 0, 0, 0, 0, 0, 0, 0, 0, 0, 4, 22
"/Users/connerreplogle/dev/memory-io/packages/memory_web/src/lib/components/ui/popover/index.ts", "TypeScript", 0, 15, 0, 0, 0, 0, 0, 0, 0, 0, 1, 2, 18
"/Users/connerreplogle/dev/memory-io/packages/memory_web/src/lib/components/ui/popover/popover-content.svelte", "Svelte", 20, 0, 0, 0, 0, 0, 0, 0, 0, 0, 0, 3, 23
"/Users/connerreplogle/dev/memory-io/packages/memory_web/src/lib/components/ui/select/index.ts", "TypeScript", 0, 30, 0, 0, 0, 0, 0, 0, 0, 0, 1, 4, 35
"/Users/connerreplogle/dev/memory-io/packages/memory_web/src/lib/components/ui/select/select-content.svelte", "Svelte", 35, 0, 0, 0, 0, 0, 0, 0, 0, 0, 0, 5, 40
"/Users/connerreplogle/dev/memory-io/packages/memory_web/src/lib/components/ui/select/select-item.svelte", "Svelte", 37, 0, 0, 0, 0, 0, 0, 0, 0, 0, 0, 4, 41
"/Users/connerreplogle/dev/memory-io/packages/memory_web/src/lib/components/ui/select/select-label.svelte", "Svelte", 13, 0, 0, 0, 0, 0, 0, 0, 0, 0, 0, 4, 17
"/Users/connerreplogle/dev/memory-io/packages/memory_web/src/lib/components/ui/select/select-separator.svelte", "Svelte", 8, 0, 0, 0, 0, 0, 0, 0, 0, 0, 0, 4, 12
"/Users/connerreplogle/dev/memory-io/packages/memory_web/src/lib/components/ui/select/select-trigger.svelte", "Svelte", 24, 0, 0, 0, 0, 0, 0, 0, 0, 0, 0, 4, 28
"/Users/connerreplogle/dev/memory-io/packages/memory_web/src/lib/components/ui/separator/index.ts", "TypeScript", 0, 5, 0, 0, 0, 0, 0, 0, 0, 0, 1, 2, 8
"/Users/connerreplogle/dev/memory-io/packages/memory_web/src/lib/components/ui/separator/separator.svelte", "Svelte", 19, 0, 0, 0, 0, 0, 0, 0, 0, 0, 0, 4, 23
"/Users/connerreplogle/dev/memory-io/packages/memory_web/src/lib/components/ui/sonner/index.ts", "TypeScript", 0, 1, 0, 0, 0, 0, 0, 0, 0, 0, 0, 1, 2
"/Users/connerreplogle/dev/memory-io/packages/memory_web/src/lib/components/ui/sonner/sonner.svelte", "Svelte", 18, 0, 0, 0, 0, 0, 0, 0, 0, 0, 0, 3, 21
"/Users/connerreplogle/dev/memory-io/packages/memory_web/src/lib/components/ui/tabs/index.ts", "TypeScript", 0, 15, 0, 0, 0, 0, 0, 0, 0, 0, 1, 3, 19
"/Users/connerreplogle/dev/memory-io/packages/memory_web/src/lib/components/ui/tabs/tabs-content.svelte", "Svelte", 18, 0, 0, 0, 0, 0, 0, 0, 0, 0, 0, 4, 22
"/Users/connerreplogle/dev/memory-io/packages/memory_web/src/lib/components/ui/tabs/tabs-list.svelte", "Svelte", 16, 0, 0, 0, 0, 0, 0, 0, 0, 0, 0, 4, 20
"/Users/connerreplogle/dev/memory-io/packages/memory_web/src/lib/components/ui/tabs/tabs-trigger.svelte", "Svelte", 20, 0, 0, 0, 0, 0, 0, 0, 0, 0, 0, 4, 24
"/Users/connerreplogle/dev/memory-io/packages/memory_web/src/lib/components/ui/textarea/index.ts", "TypeScript", 0, 24, 0, 0, 0, 0, 0, 0, 0, 0, 1, 4, 29
"/Users/connerreplogle/dev/memory-io/packages/memory_web/src/lib/components/ui/textarea/textarea.svelte", "Svelte", 28, 0, 0, 0, 0, 0, 0, 0, 0, 0, 0, 4, 32
"/Users/connerreplogle/dev/memory-io/packages/memory_web/src/lib/components/ui/tooltip/index.ts", "TypeScript", 0, 12, 0, 0, 0, 0, 0, 0, 0, 0, 1, 3, 16
"/Users/connerreplogle/dev/memory-io/packages/memory_web/src/lib/components/ui/tooltip/tooltip-content.svelte", "Svelte", 25, 0, 0, 0, 0, 0, 0, 0, 0, 0, 0, 4, 29
"/Users/connerreplogle/dev/memory-io/packages/memory_web/src/lib/generator/learn.ts", "TypeScript", 0, 37, 0, 0, 0, 0, 0, 0, 0, 0, 0, 11, 48
"/Users/connerreplogle/dev/memory-io/packages/memory_web/src/lib/generator/quiz.ts", "TypeScript", 0, 28, 0, 0, 0, 0, 0, 0, 0, 0, 0, 6, 34
"/Users/connerreplogle/dev/memory-io/packages/memory_web/src/lib/index.ts", "TypeScript", 0, 0, 0, 0, 0, 0, 0, 0, 0, 0, 1, 0, 1
"/Users/connerreplogle/dev/memory-io/packages/memory_web/src/lib/server/anthropic.ts", "TypeScript", 0, 5, 0, 0, 0, 0, 0, 0, 0, 0, 0, 1, 6
"/Users/connerreplogle/dev/memory-io/packages/memory_web/src/lib/server/logger.ts", "TypeScript", 0, 15, 0, 0, 0, 0, 0, 0, 0, 0, 0, 3, 18
"/Users/connerreplogle/dev/memory-io/packages/memory_web/src/lib/store.ts", "TypeScript", 0, 3, 0, 0, 0, 0, 0, 0, 0, 0, 0, 2, 5
"/Users/connerreplogle/dev/memory-io/packages/memory_web/src/lib/types.ts", "TypeScript", 0, 43, 0, 0, 0, 0, 0, 0, 0, 0, 0, 4, 47
"/Users/connerreplogle/dev/memory-io/packages/memory_web/src/lib/ucomponents/CardEditor.svelte", "Svelte", 10, 0, 0, 0, 0, 0, 0, 0, 0, 0, 0, 8, 18
"/Users/connerreplogle/dev/memory-io/packages/memory_web/src/lib/ucomponents/Header.svelte", "Svelte", 29, 0, 0, 0, 0, 0, 0, 0, 0, 0, 0, 10, 39
"/Users/connerreplogle/dev/memory-io/packages/memory_web/src/lib/ucomponents/Sidebar.svelte", "Svelte", 23, 0, 0, 0, 0, 0, 0, 0, 0, 0, 0, 5, 28
"/Users/connerreplogle/dev/memory-io/packages/memory_web/src/lib/ucomponents/formatter.svelte", "Svelte", 20, 0, 0, 0, 0, 0, 0, 0, 0, 0, 0, 9, 29
"/Users/connerreplogle/dev/memory-io/packages/memory_web/src/lib/ucomponents/load/paste/paste_loader.svelte", "Svelte", 74, 0, 0, 0, 0, 0, 0, 0, 0, 0, 0, 14, 88
"/Users/connerreplogle/dev/memory-io/packages/memory_web/src/lib/ucomponents/load/quizlet/quizlet_loader.svelte", "Svelte", 9, 0, 0, 0, 0, 0, 0, 0, 0, 0, 0, 10, 19
"/Users/connerreplogle/dev/memory-io/packages/memory_web/src/lib/ucomponents/multiple-choice.svelte", "Svelte", 28, 0, 0, 0, 0, 0, 0, 0, 0, 0, 1, 11, 40
"/Users/connerreplogle/dev/memory-io/packages/memory_web/src/lib/ucomponents/set_carosel.svelte", "Svelte", 64, 0, 0, 0, 0, 0, 0, 0, 0, 0, 0, 16, 80
"/Users/connerreplogle/dev/memory-io/packages/memory_web/src/lib/utils.ts", "TypeScript", 0, 53, 0, 0, 0, 0, 0, 0, 0, 0, 0, 9, 62
"/Users/connerreplogle/dev/memory-io/packages/memory_web/src/routes/+layout.server.ts", "TypeScript", 0, 6, 0, 0, 0, 0, 0, 0, 0, 0, 0, 3, 9
"/Users/connerreplogle/dev/memory-io/packages/memory_web/src/routes/+layout.svelte", "Svelte", 31, 0, 0, 0, 0, 0, 0, 0, 0, 0, 0, 9, 40
"/Users/connerreplogle/dev/memory-io/packages/memory_web/src/routes/+page.svelte", "Svelte", 39, 0, 0, 0, 0, 0, 0, 0, 0, 0, 0, 7, 46
"/Users/connerreplogle/dev/memory-io/packages/memory_web/src/routes/+page.ts", "TypeScript", 0, 9, 0, 0, 0, 0, 0, 0, 0, 0, 0, 4, 13
"/Users/connerreplogle/dev/memory-io/packages/memory_web/src/routes/auth/login/+page.svelte", "Svelte", 69, 0, 0, 0, 0, 0, 0, 0, 0, 0, 1, 15, 85
"/Users/connerreplogle/dev/memory-io/packages/memory_web/src/routes/auth/password_reset/+page.svelte", "Svelte", 67, 0, 0, 0, 0, 0, 0, 0, 0, 0, 1, 14, 82
"/Users/connerreplogle/dev/memory-io/packages/memory_web/src/routes/auth/password_reset/[token]/+page.svelte", "Svelte", 62, 0, 0, 0, 0, 0, 0, 0, 0, 0, 1, 11, 74
"/Users/connerreplogle/dev/memory-io/packages/memory_web/src/routes/auth/password_reset/[token]/+page.ts", "TypeScript", 0, 13, 0, 0, 0, 0, 0, 0, 0, 0, 0, 3, 16
"/Users/connerreplogle/dev/memory-io/packages/memory_web/src/routes/auth/signup/+page.svelte", "Svelte", 94, 0, 0, 0, 0, 0, 0, 0, 0, 0, 1, 16, 111
"/Users/connerreplogle/dev/memory-io/packages/memory_web/src/routes/function/generate_set/+server.ts", "TypeScript", 0, 20, 0, 0, 0, 0, 0, 0, 0, 0, 1, 5, 26
"/Users/connerreplogle/dev/memory-io/packages/memory_web/src/routes/main-nav.svelte", "Svelte", 57, 0, 0, 0, 0, 0, 0, 0, 0, 0, 0, 13, 70
"/Users/connerreplogle/dev/memory-io/packages/memory_web/src/routes/search.svelte", "Svelte", 6, 0, 0, 0, 0, 0, 0, 0, 0, 0, 0, 1, 7
"/Users/connerreplogle/dev/memory-io/packages/memory_web/src/routes/sets/+page.server.ts", "TypeScript", 0, 20, 0, 0, 0, 0, 0, 0, 0, 0, 3, 7, 30
"/Users/connerreplogle/dev/memory-io/packages/memory_web/src/routes/sets/+page.svelte", "Svelte", 62, 0, 0, 0, 0, 0, 0, 0, 0, 0, 0, 22, 84
"/Users/connerreplogle/dev/memory-io/packages/memory_web/src/routes/sets/[set_id]/+layout.server.ts", "TypeScript", 0, 42, 0, 0, 0, 0, 0, 0, 0, 0, 2, 10, 54
"/Users/connerreplogle/dev/memory-io/packages/memory_web/src/routes/sets/[set_id]/+page.svelte", "Svelte", 114, 0, 0, 0, 0, 0, 0, 0, 0, 0, 0, 32, 146
"/Users/connerreplogle/dev/memory-io/packages/memory_web/src/routes/sets/[set_id]/memorize/+page.svelte", "Svelte", 30, 0, 0, 0, 0, 0, 0, 0, 0, 0, 0, 11, 41
"/Users/connerreplogle/dev/memory-io/packages/memory_web/src/routes/sets/[set_id]/quiz/+page.svelte", "Svelte", 89, 0, 0, 0, 0, 0, 0, 0, 0, 0, 0, 26, 115
"/Users/connerreplogle/dev/memory-io/packages/memory_web/src/routes/sets/[set_id]/quiz/quiz-settings.svelte", "Svelte", 16, 0, 0, 0, 0, 0, 0, 0, 0, 0, 0, 12, 28
"/Users/connerreplogle/dev/memory-io/packages/memory_web/src/routes/sets/[set_id]/set-actions.svelte", "Svelte", 62, 0, 0, 0, 0, 0, 0, 0, 0, 0, 0, 9, 71
"/Users/connerreplogle/dev/memory-io/packages/memory_web/src/routes/sets/[set_id]/set-card.svelte", "Svelte", 134, 0, 0, 0, 0, 0, 0, 0, 0, 0, 0, 16, 150
"/Users/connerreplogle/dev/memory-io/packages/memory_web/src/routes/sets/generation/+page.svelte", "Svelte", 98, 0, 0, 0, 0, 0, 0, 0, 0, 0, 0, 20, 118
"/Users/connerreplogle/dev/memory-io/packages/memory_web/src/routes/sets/import-set.svelte", "Svelte", 40, 0, 0, 0, 0, 0, 0, 0, 0, 0, 0, 10, 50
"/Users/connerreplogle/dev/memory-io/packages/memory_web/src/routes/sets/new-set.svelte", "Svelte", 74, 0, 0, 0, 0, 0, 0, 0, 0, 0, 0, 9, 83
"/Users/connerreplogle/dev/memory-io/packages/memory_web/src/routes/settings/+page.svelte", "Svelte", 4, 0, 0, 0, 0, 0, 0, 0, 0, 0, 0, 5, 9
"/Users/connerreplogle/dev/memory-io/packages/memory_web/src/routes/user-nav.svelte", "Svelte", 70, 0, 0, 0, 0, 0, 0, 0, 0, 0, 1, 8, 79
"/Users/connerreplogle/dev/memory-io/packages/memory_web/src/service-worker.ts", "TypeScript", 0, 54, 0, 0, 0, 0, 0, 0, 0, 0, 12, 14, 80
"/Users/connerreplogle/dev/memory-io/packages/memory_web/static/manifest.json", "JSON", 0, 0, 0, 0, 0, 14, 0, 0, 0, 0, 0, 3, 17
"/Users/connerreplogle/dev/memory-io/packages/memory_web/svelte.config.js", "JavaScript", 0, 0, 0, 0, 0, 0, 9, 0, 0, 0, 6, 4, 19
"/Users/connerreplogle/dev/memory-io/packages/memory_web/tailwind.config.js", "JavaScript", 0, 0, 0, 0, 0, 0, 61, 0, 0, 0, 1, 3, 65
"/Users/connerreplogle/dev/memory-io/packages/memory_web/tsconfig.json", "JSON with Comments", 0, 0, 0, 0, 14, 0, 0, 0, 0, 0, 4, 1, 19
"/Users/connerreplogle/dev/memory-io/packages/memory_web/vite.config.ts", "TypeScript", 0, 12, 0, 0, 0, 0, 0, 0, 0, 0, 0, 8, 20
"Total", "-", 2400, 830, 13, 65, 14, 6727, 125, 24, 19, 16, 57, 781, 11071