"filename", "language", "Rust", "Ignore", "TOML", "Docker", "Python", "XML", "comment", "blank", "total"
"/Users/connerreplogle/dev/memory-io/packages/memory_server/.dockerignore", "Ignore", 0, 3, 0, 0, 0, 0, 0, 0, 3
"/Users/connerreplogle/dev/memory-io/packages/memory_server/.idea/memory_server.iml", "XML", 0, 0, 0, 0, 0, 12, 0, 0, 12
"/Users/connerreplogle/dev/memory-io/packages/memory_server/.idea/modules.xml", "XML", 0, 0, 0, 0, 0, 8, 0, 0, 8
"/Users/connerreplogle/dev/memory-io/packages/memory_server/.idea/vcs.xml", "XML", 0, 0, 0, 0, 0, 6, 0, 0, 6
"/Users/connerreplogle/dev/memory-io/packages/memory_server/Cargo.lock", "TOML", 0, 0, 3585, 0, 0, 0, 2, 396, 3983
"/Users/connerreplogle/dev/memory-io/packages/memory_server/Cargo.toml", "TOML", 0, 0, 35, 0, 0, 0, 1, 4, 40
"/Users/connerreplogle/dev/memory-io/packages/memory_server/Dockerfile", "Docker", 0, 0, 0, 16, 0, 0, 3, 4, 23
"/Users/connerreplogle/dev/memory-io/packages/memory_server/cleanup_tests.py", "Python", 0, 0, 0, 0, 5, 0, 2, 2, 9
"/Users/connerreplogle/dev/memory-io/packages/memory_server/src/lib.rs", "Rust", 3, 0, 0, 0, 0, 0, 0, 1, 4
"/Users/connerreplogle/dev/memory-io/packages/memory_server/src/main.rs", "Rust", 80, 0, 0, 0, 0, 0, 2, 16, 98
"/Users/connerreplogle/dev/memory-io/packages/memory_server/src/models/card.rs", "Rust", 76, 0, 0, 0, 0, 0, 0, 10, 86
"/Users/connerreplogle/dev/memory-io/packages/memory_server/src/models/folder.rs", "Rust", 16, 0, 0, 0, 0, 0, 0, 2, 18
"/Users/connerreplogle/dev/memory-io/packages/memory_server/src/models/memorize/mod.rs", "Rust", 57, 0, 0, 0, 0, 0, 0, 7, 64
"/Users/connerreplogle/dev/memory-io/packages/memory_server/src/models/memorize/model.rs", "Rust", 17, 0, 0, 0, 0, 0, 0, 4, 21
"/Users/connerreplogle/dev/memory-io/packages/memory_server/src/models/mod.rs", "Rust", 23, 0, 0, 0, 0, 0, 0, 2, 25
"/Users/connerreplogle/dev/memory-io/packages/memory_server/src/models/set/mod.rs", "Rust", 177, 0, 0, 0, 0, 0, 0, 17, 194
"/Users/connerreplogle/dev/memory-io/packages/memory_server/src/models/set/model.rs", "Rust", 61, 0, 0, 0, 0, 0, 0, 8, 69
"/Users/connerreplogle/dev/memory-io/packages/memory_server/src/models/user/logic/auth.rs", "Rust", 83, 0, 0, 0, 0, 0, 0, 9, 92
"/Users/connerreplogle/dev/memory-io/packages/memory_server/src/models/user/logic/mod.rs", "Rust", 24, 0, 0, 0, 0, 0, 0, 12, 36
"/Users/connerreplogle/dev/memory-io/packages/memory_server/src/models/user/logic/password_reset.rs", "Rust", 114, 0, 0, 0, 0, 0, 0, 14, 128
"/Users/connerreplogle/dev/memory-io/packages/memory_server/src/models/user/logic/verify.rs", "Rust", 58, 0, 0, 0, 0, 0, 0, 12, 70
"/Users/connerreplogle/dev/memory-io/packages/memory_server/src/models/user/mod.rs", "Rust", 2, 0, 0, 0, 0, 0, 0, 0, 2
"/Users/connerreplogle/dev/memory-io/packages/memory_server/src/models/user/model.rs", "Rust", 53, 0, 0, 0, 0, 0, 3, 8, 64
"/Users/connerreplogle/dev/memory-io/packages/memory_server/src/routes/api/folders.rs", "Rust", 2, 0, 0, 0, 0, 0, 0, 2, 4
"/Users/connerreplogle/dev/memory-io/packages/memory_server/src/routes/api/memorize/mod.rs", "Rust", 47, 0, 0, 0, 0, 0, 0, 8, 55
"/Users/connerreplogle/dev/memory-io/packages/memory_server/src/routes/api/mod.rs", "Rust", 15, 0, 0, 0, 0, 0, 0, 2, 17
"/Users/connerreplogle/dev/memory-io/packages/memory_server/src/routes/api/sets/mod.rs", "Rust", 118, 0, 0, 0, 0, 0, 0, 16, 134
"/Users/connerreplogle/dev/memory-io/packages/memory_server/src/routes/api/sets/modify.rs", "Rust", 159, 0, 0, 0, 0, 0, 0, 13, 172
"/Users/connerreplogle/dev/memory-io/packages/memory_server/src/routes/api/users/auth.rs", "Rust", 78, 0, 0, 0, 0, 0, 0, 12, 90
"/Users/connerreplogle/dev/memory-io/packages/memory_server/src/routes/api/users/mod.rs", "Rust", 44, 0, 0, 0, 0, 0, 0, 10, 54
"/Users/connerreplogle/dev/memory-io/packages/memory_server/src/routes/api/users/password_reset.rs", "Rust", 69, 0, 0, 0, 0, 0, 0, 9, 78
"/Users/connerreplogle/dev/memory-io/packages/memory_server/src/routes/api/users/verify.rs", "Rust", 53, 0, 0, 0, 0, 0, 0, 7, 60
"/Users/connerreplogle/dev/memory-io/packages/memory_server/src/routes/mod.rs", "Rust", 5, 0, 0, 0, 0, 0, 0, 3, 8
"/Users/connerreplogle/dev/memory-io/packages/memory_server/src/startup.rs", "Rust", 93, 0, 0, 0, 0, 0, 2, 13, 108
"/Users/connerreplogle/dev/memory-io/packages/memory_server/tests/api/helper.rs", "Rust", 56, 0, 0, 0, 0, 0, 7, 11, 74
"/Users/connerreplogle/dev/memory-io/packages/memory_server/tests/api/main.rs", "Rust", 3, 0, 0, 0, 0, 0, 0, 1, 4
"/Users/connerreplogle/dev/memory-io/packages/memory_server/tests/api/set.rs", "Rust", 10, 0, 0, 0, 0, 0, 0, 5, 15
"/Users/connerreplogle/dev/memory-io/packages/memory_server/tests/api/user.rs", "Rust", 11, 0, 0, 0, 0, 0, 0, 7, 18
"Total", "-", 1607, 3, 3620, 16, 5, 26, 22, 647, 5946